{
  "display": {
    "icon": {
      "id": "minecraft:stone_shovel",
      "components": {
        "minecraft:item_model": "vhauledr:rock_shovel"
      }
    },
    "title": "Lil' Shovel",
    "description": "Make a Rock Shovel",
    "frame": "task",
    "show_toast": true,
    "announce_to_chat": true
  },
  "parent": "minecraft:adventure/strings_of_this_world",
  "criteria": {
    "string": {
      "trigger": "minecraft:inventory_changed",
      "conditions": {
        "items": [
          {
            "items": "minecraft:stone_shovel",
            "components": {
              "minecraft:item_model": "vhauledr:rock_shovel"
            }
          }
        ]
      }
    }
  },
  "requirements": [
    [
      "string"
    ]
  ],
  "rewards": {
    "recipes": [
      "raw_crucible",
      "furnace",
      "glass",
      "cobblestone_clay_rocks",
      "bed"
    ]
  },
  "sends_telemetry_event": true
}
