{
  "type": "minecraft:crafting_shaped",
  "category": "misc",
  "key": {
    "I": "minecraft:iron_block",
    "G": "minecraft:glass",
    "C": "minecraft:copper_block"
  },
  "pattern": [
    "GC ",
    " I ",
    "ICI"
  ],
  "result": {
    "components": {
      "minecraft:item_name": "Frasch Machine",
      "minecraft:item_model": "vhauledr:frasch_machine",
      "minecraft:entity_data": {
        "id": "minecraft:item_frame",
        "Invulnerable": true,
        "Silent": true,
        "Item": {
          "id": "minecraft:brick",
          "components": {
            "minecraft:item_model": "vhauledr:frasch_machine",
            "minecraft:custom_data": {
              "customBlock": "frasch"
            }
          },
          "count": 1
        },
        "Invisible": true,
        "Fixed": true
      }
    },
    "count": 1,
    "id": "minecraft:item_frame"
  }
}