{
  "type": "minecraft:crafting_shaped",
  "category": "equipment",
  "pattern": [
    "EE",
    "EE"
  ],
  "key": {
    "E": [
      "minecraft:stone_button"
    ]
  },
  "result": {
    "id": "minecraft:firework_star",
    "components": {
      "minecraft:lore": [
        "A Tool Head [Hammer]"
      ],
      "minecraft:item_name": "Rock Hammer Head",
      "minecraft:item_model": "vhauledr:rock_hammer_head",
      "minecraft:max_stack_size": 1
    },
    "count": 1
  }
}