{
  "type": "minecraft:crafting_shaped",
  "category": "equipment",
  "key": {
    "X": "iron_ingot",
    "B": "minecraft:iron_block",
    "T": "minecraft:flint_and_steel"
  },
  "pattern": [
    "BXX",
    "TBB",
    "BXB"
  ],
  "result": {
    "components": {
      "minecraft:item_model": "vhauledr:rocket_pg_launcher",
      "minecraft:item_name": {
        "text": "RPG Launcher",
        "italic": false
      },
      "minecraft:lore": [
        {
          "text": "Unloaded",
          "color": "red",
          "italic": false
        }
      ],
      "minecraft:base_color": "lime",
      "minecraft:repair_cost": 0,
      "minecraft:custom_data": {
        "vhgun": "rpg"
      },
      "minecraft:equippable": {
        "slot": "head",
        "equip_sound": "minecraft:item.armor.equip_iron",
        "allowed_entities": "minecraft:player",
        "dispensable": false,
        "swappable": false,
        "damage_on_hurt": false
      }
    },
    "count": 1,
    "id": "minecraft:carrot_on_a_stick"
  }
}