{
  "type": "minecraft:crafting_shaped",
  "category": "equipment",
  "key": {
    "X": "iron_ingot",
    "T": "tnt"
  },
  "pattern": [
    " X ",
    "XTX",
    "TTT"
  ],
  "result": {
    "components": {
      "minecraft:item_model": "vhauledr:rpg_ammo",
      "minecraft:max_stack_size": 1,
      "minecraft:attribute_modifiers": [
        {
          "type": "minecraft:block_interaction_range",
          "id": "475628ba-9a4f-4a77-abac-d13394e412bc",
          "amount": -4.5,
          "operation": "add_value",
          "slot": "hand"
        }
      ],
      "minecraft:item_name": {
        "text": "RPG Ammunition",
        "italic": false
      },
      "minecraft:tooltip_display": {
        "hide_tooltip": false,
        "hidden_components": [
          "minecraft:attribute_modifiers"
        ]
      }
    },
    "count": 1,
    "id": "tnt"
  }
}