{
	"credit": "Made with Blockbench",
	"parent": "block/block",
	"textures": {
		"0": "bricks",
		"1": "vhauledr:block/black",
		"particle": "bricks"
	},
	"elements": [
		{
			"from": [1.25, 3.75, 1.25],
			"to": [14.75, 8.25, 5.5],
			"rotation": {"angle": 0, "axis": "y", "origin": [0, -12.25, 0]},
			"faces": {
				"north": {"uv": [0, 0, 13.5, 4.5], "texture": "#0"},
				"east": {"uv": [0, 0, 4.25, 4.5], "texture": "#0"},
				"south": {"uv": [0, 0, 13.5, 4.5], "texture": "#0"},
				"west": {"uv": [0, 0, 4.25, 4.5], "texture": "#0"},
				"up": {"uv": [0, 0, 13.5, 4.25], "texture": "#0"},
				"down": {"uv": [0, 0, 13.5, 4.25], "texture": "#0"}
			}
		},
		{
			"from": [2.5, 3.75, 5],
			"to": [13.25, 6.5, 11],
			"rotation": {"angle": 0, "axis": "y", "origin": [0, -12.25, 4.75]},
			"faces": {
				"north": {"uv": [0, 0, 10.75, 2.75], "texture": "#0"},
				"east": {"uv": [0, 0, 6, 2.75], "texture": "#0"},
				"south": {"uv": [0, 0, 10.75, 2.75], "texture": "#0"},
				"west": {"uv": [0, 0, 6, 2.75], "texture": "#0"},
				"up": {"uv": [0, 0, 10.75, 6], "texture": "#1"},
				"down": {"uv": [0, 0, 10.75, 6], "texture": "#0"}
			}
		},
		{
			"from": [1.25, 3.75, 10.5],
			"to": [14.75, 8.25, 14.75],
			"rotation": {"angle": 0, "axis": "y", "origin": [0, -12.25, 9.25]},
			"faces": {
				"north": {"uv": [0.25, 0.25, 13.75, 4.75], "texture": "#0"},
				"east": {"uv": [1.25, 0.25, 5.5, 4.75], "texture": "#0"},
				"south": {"uv": [2.25, 0.25, 15.75, 4.75], "texture": "#0"},
				"west": {"uv": [3.25, 0.25, 7.5, 4.75], "texture": "#0"},
				"up": {"uv": [0, 0, 13.5, 4.25], "texture": "#0"},
				"down": {"uv": [5.25, 0.25, 5.75, 0.75], "texture": "#1"}
			}
		},
		{
			"from": [0.5, 0, 0.5],
			"to": [15.5, 3.75, 15.5],
			"rotation": {"angle": 0, "axis": "y", "origin": [0, -16, 9.25]},
			"faces": {
				"north": {"uv": [0.25, 0.25, 15.25, 4], "texture": "#0"},
				"east": {"uv": [1, 0.25, 16, 4], "texture": "#0"},
				"south": {"uv": [1, 0.25, 16, 4], "texture": "#0"},
				"west": {"uv": [1, 0.25, 16, 4], "texture": "#0"},
				"up": {"uv": [0, 0, 13.5, 4.25], "texture": "#0"},
				"down": {"uv": [5.25, 0.25, 5.75, 0.75], "texture": "#1"}
			}
		},
		{
			"from": [11.5, 3.75, 5.5],
			"to": [14.75, 8.25, 10.5],
			"rotation": {"angle": 0, "axis": "y", "origin": [0, -12.25, 4.5]},
			"faces": {
				"north": {"uv": [0, 0, 3.25, 4.5], "texture": "#0"},
				"east": {"uv": [0, 0, 5, 4.5], "texture": "#0"},
				"south": {"uv": [0, 0, 3.25, 4.5], "texture": "#0"},
				"west": {"uv": [0, 0, 5, 4.5], "texture": "#0"},
				"up": {"uv": [0, 0, 3.25, 5], "texture": "#0"},
				"down": {"uv": [0, 0, 3.25, 5], "texture": "#0"}
			}
		},
		{
			"from": [1.25, 3.75, 5.5],
			"to": [4.5, 8.25, 10.5],
			"rotation": {"angle": 0, "axis": "y", "origin": [-10.25, -12.25, 4.5]},
			"faces": {
				"north": {"uv": [0, 0, 3.25, 4.5], "texture": "#0"},
				"east": {"uv": [0, 0, 5, 4.5], "texture": "#0"},
				"south": {"uv": [0, 0, 3.25, 4.5], "texture": "#0"},
				"west": {"uv": [0, 0, 5, 4.5], "texture": "#0"},
				"up": {"uv": [0, 0, 3.25, 5], "texture": "#0"},
				"down": {"uv": [0, 0, 3.25, 5], "texture": "#0"}
			}
		}
	],
	"display": {
		"thirdperson_righthand": {
			"translation": [0, 3.75, 0],
			"scale": [0.5, 0.5, 0.5]
		},
		"thirdperson_lefthand": {
			"translation": [0, 3.75, 0],
			"scale": [0.5, 0.5, 0.5]
		},
		"ground": {
			"scale": [0.7, 0.7, 0.7]
		},
		"gui": {
			"rotation": [45, 45, 0],
			"translation": [0, 2.25, 0],
			"scale": [0.7, 0.7, 0.7]
		},
		"head": {
			"translation": [0, 14, 0]
		},
		"fixed": {
			"rotation": [-90, 0, 0],
			"translation": [0, 0, -7]
		}
	}
}