{
	"credit": "Made with Blockbench",
	"parent": "block/block",
	"textures": {
		"0": "bricks",
		"1": "vhauledr:block/black",
		"particle": "bricks"
	},
	"elements": [
		{
			"from": [0, 8, 0],
			"to": [16, 16, 16],
			"faces": {
				"north": {"uv": [0, 0, 16, 8], "texture": "#0"},
				"east": {"uv": [0, 0, 16, 8], "texture": "#0"},
				"south": {"uv": [0, 0, 16, 8], "texture": "#0"},
				"west": {"uv": [0, 0, 16, 8], "texture": "#0"},
				"up": {"uv": [0, 0, 16, 16], "texture": "#0"},
				"down": {"uv": [0, 0, 16, 16], "texture": "#0"}
			}
		},
		{
			"from": [0, 0, 0],
			"to": [16, 3.75, 16],
			"rotation": {"angle": 0, "axis": "y", "origin": [0, -8, 0]},
			"faces": {
				"north": {"uv": [0, 0, 16, 3.75], "texture": "#0"},
				"east": {"uv": [0, 0, 15, 3.75], "texture": "#0"},
				"south": {"uv": [0, 0, 16, 3.75], "texture": "#0"},
				"west": {"uv": [0, 0, 16, 3.75], "texture": "#0"},
				"up": {"uv": [0, 0, 16, 16], "texture": "#0"},
				"down": {"uv": [0, 0, 16, 16], "texture": "#0"}
			}
		},
		{
			"from": [0, 3.75, 0],
			"to": [16, 8, 11.25],
			"rotation": {"angle": 0, "axis": "y", "origin": [0, -8, 0]},
			"faces": {
				"north": {"uv": [0, 0, 16, 4.25], "texture": "#0"},
				"east": {"uv": [0, 0, 11.25, 4.25], "texture": "#0"},
				"south": {"uv": [0, 0, 16, 4.25], "texture": "#0"},
				"west": {"uv": [0, 0, 11.25, 4.25], "texture": "#0"},
				"up": {"uv": [0, 0, 16, 11.25], "texture": "#0"},
				"down": {"uv": [0, 0, 16, 11.25], "texture": "#0"}
			}
		},
		{
			"from": [0, 3.75, 11.25],
			"to": [4, 8, 16],
			"rotation": {"angle": 0, "axis": "y", "origin": [0, -8, 0]},
			"faces": {
				"north": {"uv": [0, 0, 4, 4.25], "texture": "#0"},
				"east": {"uv": [0, 0, 4.75, 4.25], "texture": "#0"},
				"south": {"uv": [0, 0, 4, 4.25], "texture": "#0"},
				"west": {"uv": [0, 0, 4.75, 4.25], "texture": "#0"},
				"up": {"uv": [0, 0, 4, 4.75], "texture": "#0"},
				"down": {"uv": [0, 0, 4, 4.75], "texture": "#0"}
			}
		},
		{
			"from": [12, 3.75, 11.25],
			"to": [16, 8, 16],
			"rotation": {"angle": 0, "axis": "y", "origin": [12, -8, 0]},
			"faces": {
				"north": {"uv": [0, 0, 4, 4.25], "texture": "#0"},
				"east": {"uv": [0, 0, 4.75, 4.25], "texture": "#0"},
				"south": {"uv": [0, 0, 4, 4.25], "texture": "#0"},
				"west": {"uv": [0, 0, 4.75, 4.25], "texture": "#0"},
				"up": {"uv": [0, 0, 4, 4.75], "texture": "#0"},
				"down": {"uv": [0, 0, 4, 4.75], "texture": "#0"}
			}
		},
		{
			"from": [4, 3.75, 11.25],
			"to": [12, 8, 13.5],
			"rotation": {"angle": 0, "axis": "y", "origin": [6, -8, 0]},
			"faces": {
				"north": {"uv": [0, 0, 8, 4.25], "texture": "#0"},
				"east": {"uv": [0, 0, 2.25, 4.25], "texture": "#0"},
				"south": {"uv": [0, 0, 8, 4.25], "texture": "#1"},
				"west": {"uv": [0, 0, 2.25, 4.25], "texture": "#0"},
				"up": {"uv": [0, 0, 8, 2.25], "texture": "#0"},
				"down": {"uv": [0, 0, 8, 2.25], "texture": "#0"}
			}
		}
	],
	"display": {
		"thirdperson_righthand": {
			"translation": [0, 3.25, 0],
			"scale": [0.5, 0.5, 0.5]
		},
		"thirdperson_lefthand": {
			"translation": [0, 3.25, 0],
			"scale": [0.5, 0.5, 0.5]
		},
		"firstperson_righthand": {
			"translation": [0, 3.25, 0],
			"scale": [0.5, 0.5, 0.5]
		},
		"firstperson_lefthand": {
			"translation": [0, 3.25, 0],
			"scale": [0.5, 0.5, 0.5]
		},
		"ground": {
			"scale": [0.7, 0.7, 0.7]
		},
		"gui": {
			"rotation": [45, 45, 0],
			"scale": [0.55, 0.55, 0.55]
		},
		"fixed": {
			"rotation": [0, 180, 0]
		}
	}
}