{
	"credit": "Made with Blockbench",
	"parent": "block/block",
	"textures": {
		"0": "iron_block",
		"1": "glass",
		"2": "copper_block",
		"particle": "iron_block"
	},
	"elements": [
		{
			"from": [1.5, 0, 1.5],
			"to": [14.5, 5.25, 14.5],
			"faces": {
				"north": {"uv": [0, 0, 13, 5.25], "texture": "#0"},
				"east": {"uv": [0, 0, 13, 5.25], "texture": "#0"},
				"south": {"uv": [0, 0, 13, 5.25], "texture": "#0"},
				"west": {"uv": [0, 0, 13, 5.25], "texture": "#0"},
				"up": {"uv": [0, 0, 13, 13], "texture": "#0"},
				"down": {"uv": [0, 0, 13, 13], "texture": "#0"}
			}
		},
		{
			"from": [4, 5.25, 4],
			"to": [12, 12.75, 12],
			"rotation": {"angle": 0, "axis": "y", "origin": [0, 5.25, 0]},
			"faces": {
				"north": {"uv": [0, 0, 8, 7.5], "texture": "#2"},
				"east": {"uv": [0, 0, 8, 7.5], "texture": "#2"},
				"south": {"uv": [0, 0, 8, 7.5], "texture": "#2"},
				"west": {"uv": [0, 0, 8, 7.5], "texture": "#2"},
				"up": {"uv": [0, 0, 8, 8], "texture": "#2"},
				"down": {"uv": [0, 0, 13, 13], "texture": "#missing"}
			}
		},
		{
			"from": [5.25, 12.75, 5.25],
			"to": [10.75, 17.25, 10.75],
			"rotation": {"angle": 0, "axis": "y", "origin": [0, 12.75, 0]},
			"faces": {
				"north": {"uv": [0, 0, 13, 5.25], "texture": "#0"},
				"east": {"uv": [0, 0, 13, 5.25], "texture": "#0"},
				"south": {"uv": [0, 0, 13, 5.25], "texture": "#0"},
				"west": {"uv": [0, 0, 13, 5.25], "texture": "#0"},
				"up": {"uv": [0, 0, 5.5, 5.5], "texture": "#0"},
				"down": {"uv": [0, 0, 13, 13], "texture": "#missing"}
			}
		},
		{
			"from": [6.25, 17.25, 6.25],
			"to": [9.75, 22.25, 9.75],
			"rotation": {"angle": 0, "axis": "y", "origin": [0, 17.25, 0]},
			"faces": {
				"north": {"uv": [0, 0, 3.5, 5], "texture": "#2"},
				"east": {"uv": [0, 0, 3.5, 5], "texture": "#2"},
				"south": {"uv": [0, 0, 3.5, 5], "texture": "#2"},
				"west": {"uv": [0, 0, 3.5, 5], "texture": "#2"},
				"up": {"uv": [0, 0, 3.5, 3.5], "texture": "#2"},
				"down": {"uv": [0, 0, 13, 13], "texture": "#missing"}
			}
		},
		{
			"from": [9.75, 19.25, 7.25],
			"to": [13.25, 20.75, 8.75],
			"rotation": {"angle": 0, "axis": "y", "origin": [3.5, 17.25, 0]},
			"faces": {
				"north": {"uv": [0, 0, 16, 16], "texture": "#1"},
				"east": {"uv": [0, 0, 16, 16], "texture": "#1"},
				"south": {"uv": [0, 0, 16, 16], "texture": "#1"},
				"west": {"uv": [0, 0, 13, 5.25], "texture": "#0"},
				"up": {"uv": [0, 0, 16, 16], "texture": "#1"},
				"down": {"uv": [0, 0, 16, 16], "texture": "#1"}
			}
		}
	],
	"display": {
		"gui": {
			"rotation": [-145, -45, -180],
			"translation": [0, -0.5, 0],
			"scale": [0.6, 0.6, 0.6]
		},
		"fixed": {
			"translation": [0, -1, 0],
			"scale": [0.5, 0.5, 0.5]
		}
	}
}