{
  "type": "minecraft:block",
  "pools": [
    {
      "bonus_rolls": 0,
      "entries": [
        {
          "type": "minecraft:item",
          "name": "minecraft:raw_copper",
          "conditions": [
            {
              "condition": "minecraft:match_tool",
              "predicate": {
                "items": "minecraft:stone_pickaxe"
              }
            }
          ]
        }
      ],
      "rolls": 1
    }
  ],
  "random_sequence": "minecraft:blocks/copper_ore"
}