{
  "type": "minecraft:block",
  "pools": [
    {
      "bonus_rolls": 0,
      "conditions": [
        {
          "condition": "minecraft:survives_explosion"
        }
      ],
      "entries": [
        {
          "type": "minecraft:item",
          "name": "minecraft:farmland",
          "functions": [
            {
              "function": "minecraft:set_count",
              "count": {
                "min": 0,
                "max": 1
              },
              "add": true
            },
            {
              "function": "minecraft:set_components",
              "components": {
                "minecraft:item_model": "vhauledr:raw_tin",
				"minecraft:tooltip_display": {hidden_components:["attribute_modifiers"]}
              }
            },
            {
              "function": "minecraft:set_name",
              "name": {
                "text": "Raw Tin",
                "italic": false
              }
            },
            {
              "function": "minecraft:set_attributes",
              "modifiers": [
                {
                  "attribute": "minecraft:block_interaction_range",
                  "id": "farmland12567423",
                  "amount": -4.5,
                  "operation": "add_value",
                  "slot": "mainhand"
                }
              ]
            }
          ],
          "conditions": [
            {
              "condition": "minecraft:match_tool",
              "predicate": {
                "items": "minecraft:wooden_pickaxe",
                "components": {
                  "minecraft:item_model": "vhauledr:chisel_pick"
                }
              }
            }
          ]
        },
        {
          "type": "minecraft:item",
          "name": "minecraft:diorite"
        }
      ],
      "rolls": 1
    }
  ],
  "random_sequence": "minecraft:blocks/diorite"
}
