{
  "condition": "minecraft:any_of",
  "terms": [
    {
      "condition": "minecraft:match_tool",
      "predicate": {
        "items": "minecraft:stone_pickaxe",
        "components": {
          "minecraft:item_model": "vhauledr:bronze_pickaxe"
        }
      }
    },
    {
      "condition": "minecraft:match_tool",
      "predicate": {
        "items": [
          "minecraft:diamond_pickaxe",
          "minecraft:iron_pickaxe",
          "minecraft:netherite_pickaxe"
        ]
      }
    }
  ]
}