{
  "display": {
    "icon": {
      "id": "minecraft:raw_iron"
    },
    "title": "Discovering Iron",
    "description": "Obtain a piece of Raw Iron",
    "frame": "task",
    "show_toast": true,
    "announce_to_chat": true
  },
  "parent": "minecraft:adventure/lil_shovel",
  "criteria": {
    "string": {
      "trigger": "minecraft:inventory_changed",
      "conditions": {
        "items": [
          {
            "items": "minecraft:raw_iron"
          }
        ]
      }
    }
  },
  "rewards": {
    "recipes": [
      "minecraft:charcoal",
      "minecraft:flint_and_steel"
    ]
  },
  "sends_telemetry_event": true
}