{
  "display": {
    "icon": {
      "id": "minecraft:iron_ingot",
      "components": {}
    },
    "title": "The Iron Age",
    "description": "Obtain a Iron Ingot",
    "frame": "task",
    "show_toast": true,
    "announce_to_chat": true
  },
  "parent": "minecraft:adventure/bronze_age",
  "criteria": {
    "string": {
      "trigger": "minecraft:inventory_changed",
      "conditions": {
        "items": [
          {
            "items": "minecraft:iron_ingot"
          }
        ]
      }
    }
  },
  "rewards": {
    "recipes": [
      "rpg_ammo",
      "rpg_launcher",
      "thin_iron_plate_2",
      "thin_iron_plate",
      "tnt",
      "frasch_machine",
      "anvil"
    ]
  },
  "sends_telemetry_event": true
}