{
  "display": {
    "icon": {
      "id": "minecraft:iron_ingot",
      "components": {
        "minecraft:item_model": "vhauledr:rocket_pg_launcher_loaded"
      }
    },
    "title": "RPG",
    "description": "Create and load an RPG Launcher",
    "frame": "task",
    "show_toast": true,
    "announce_to_chat": true
  },
  "parent": "minecraft:adventure/iron_age",
  "criteria": {
    "string": {
      "trigger": "minecraft:inventory_changed",
      "conditions": {
        "items": [
          {
            "items": "minecraft:carrot_on_a_stick",
            "components": {
              "minecraft:item_model": "vhauledr:rocket_pg_launcher_loaded"
            }
          }
        ]
      }
    }
  },
  "sends_telemetry_event": true
}