{
  "display": {
    "icon": {
      "id": "string"
    },
    "title": "Strings Of This World",
    "description": "Obtain String",
    "frame": "task",
    "show_toast": true,
    "announce_to_chat": true
  },
  "parent": "minecraft:adventure/root",
  "criteria": {
    "string": {
      "trigger": "minecraft:inventory_changed",
      "conditions": {
        "items": [
          {
            "items": "minecraft:string"
          }
        ]
      }
    }
  },
  "rewards": {
    "recipes": [
      "campfire",
      "rock_axe_head",
      "rock_hammer_head",
      "rock_hoe_head",
      "rock_shovel_head",
      "stick_from_saplings",
      "torch",
      "bed"
    ]
  },
  "sends_telemetry_event": true
}
