{
  "type": "minecraft:block",
  "pools": [
    {
      "bonus_rolls": 0,
      "entries": [
        {
          "type": "minecraft:alternatives",
          "children": [
            {
              "type": "minecraft:item",
              "functions": [],
              "name": "minecraft:raw_iron",
              "conditions": [
                {
                  "condition": "minecraft:match_tool",
                  "predicate": {
                    "items": "minecraft:stone_pickaxe",
                    "components": {
                      "minecraft:item_model": "vhauledr:bronze_pickaxe"
                    }
                  }
                }
              ]
            }
          ]
        }
      ],
      "rolls": 1
    }
  ],
  "random_sequence": "minecraft:blocks/iron_ore"
}