{
  "display": {
    "icon": {
      "id": "minecraft:farmland",
      "components": {
        "minecraft:item_model": "vhauledr:bronze_bar"
      }
    },
    "title": "The Bronze Age",
    "description": "Obtain a Bronze Ingot",
    "frame": "task",
    "show_toast": true,
    "announce_to_chat": true
  },
  "parent": "minecraft:adventure/cu_liking_this",
  "criteria": {
    "string": {
      "trigger": "minecraft:inventory_changed",
      "conditions": {
        "items": [
          {
            "items": "activator_rail",
            "components": {
              "minecraft:item_model": "vhauledr:bronze_bar"
            }
          }
        ]
      }
    }
  },
  "requirements": [
    [
      "string"
    ]
  ],
  "rewards": {
    "recipes": [
      "copper_press",
      "shield",
      "bronze_anvil"
    ]
  },
  "sends_telemetry_event": true
}
