{
  "type": "minecraft:block",
  "pools": [
    {
      "bonus_rolls": 0,
      "conditions": [
        {
          "condition": "minecraft:survives_explosion"
        }
      ],
      "entries": [
        {
          "type": "minecraft:item",
          "name": "minecraft:stripped_jungle_log",
          "conditions": [
            {
              "condition": "minecraft:match_tool",
              "predicate": {
                "items": [
                  "minecraft:stone_axe",
                  "minecraft:iron_axe",
                  "minecraft:diamond_axe",
                  "minecraft:netherite_axe"
                ]
              }
            }
          ]
        }
      ],
      "rolls": 1
    }
  ],
  "random_sequence": "minecraft:blocks/stripped_jungle_log"
}